{"cameraMode":{"drawMode":0,"name":"Shaded","section":"Shading Mode"},"sceneLighting":false,"audioPlay":false,"sceneViewState":{"showFog":true,"showMaterialUpdate":false,"showSkybox":false,"showFlares":true,"showImageEffects":true,"showParticleSystems":true},"in2DMode":false,"pivot":{"x":-1.6200000047683716,"y":2.861999988555908,"z":-8.080048561096192},"rotation":{"x":0.010497810319066048,"y":0.019497690722346307,"z":-0.00020473294716794044,"w":0.9997545480728149},"size":0.19276615977287293,"orthographic":false}